"","lci","uci","geo.mean","rank"
"meadow",1.0728,2.6569,1.68829077708702,0
"swale",0.7415,1.4016,1.01947020103055,1
"conifer forest",0.5344,1.318,0.83926206284183,2
"marsh",0.5397,1.301,0.837916133721647,3
"coastal scrub",0.5369,1.1962,0.801357844723079,4
"fruit",0.262,2.4092,0.794523641737375,5
"dune",9e-04,0.0577,0.00713564582198396,6
"pasture",7e-04,0.0629,0.00644491185506747,7
"beach",3e-04,0.0074,0.00149154983742641,8
