"","lci","uci","geo.mean","rank"
"coastal scrub",0.9386,2.6379,1.57348152854643,0
"conifer forest",0.3047,1.5883,0.695731038706401,1
"fruit",0.1161,1.4579,0.411365249179372,2
"meadow",0.0286,2.7759,0.281520880540846,3
"swale",0.0135,1.4642,0.140778876043124,4
"dune",0.005,1.1145,0.074684769934946,5
"marsh",0.0018,0.3647,0.0257627983593072,6
"beach",3e-04,0.0539,0.00418444014603815,7
"pasture",0,0.0016,0.000248595946257336,8
