"","lci","uci","geo.mean","rank"
"swale",1.4374,2.0753,1.72711821714389,0
"marsh",1.0024,1.775,1.33390800661427,1
"fruit",0.5752,3.2731,1.37216637386376,2
"meadow",0.7749,1.3429,1.02005748658567,3
"coastal scrub",0.6302,0.9907,0.790180449912898,4
"conifer forest",0.5552,0.8952,0.70503901760786,5
"pasture",0.5729,0.9881,0.752395176613442,6
"dune",0.1829,0.51,0.305373437466714,7
"beach",0.0617,0.3655,0.150225375504891,8
