"","lci","uci","geo.mean","rank"
"coastal scrub",0.8282,1.6455,1.16735772007181,0
"dune",0.69,1.5511,1.03456345002343,1
"conifer forest",0.2856,1.0339,0.543408650477031,2
"beach",0.0039,4.4581,0.13221613248068,4
"meadow",0.0102,1.8459,0.136964439306177,4
"fruit",0,2.7375,0.0103081869568874,5
"swale",0.0091,1.1594,0.102678961418504,5
"marsh",0.0014,0.4393,0.024674791259939,7
"pasture",0,0.2516,0.00158494046388187,8
